{"cameraMode":{"drawMode":0,"name":"Shaded","section":"Shading Mode"},"sceneLighting":true,"audioPlay":false,"sceneViewState":{"m_AlwaysRefresh":false,"showFog":true,"showSkybox":true,"showFlares":true,"showImageEffects":true,"showParticleSystems":true,"showVisualEffectGraphs":true,"m_FxEnabled":true},"in2DMode":false,"pivot":{"x":17.237733840942384,"y":3.96096134185791,"z":-3.691080093383789},"rotation":{"x":0.05576641857624054,"y":0.034195009618997577,"z":-0.0011349915293976665,"w":0.9978684782981873},"size":11.529233932495118,"orthographic":false}