{"cameraMode":{"drawMode":0,"name":"Shaded","section":"Shading Mode"},"sceneLighting":true,"audioPlay":false,"sceneViewState":{"m_AlwaysRefresh":false,"showFog":true,"showSkybox":true,"showFlares":true,"showImageEffects":true,"showParticleSystems":true,"showVisualEffectGraphs":true,"m_FxEnabled":true},"in2DMode":false,"pivot":{"x":11.202860832214356,"y":9.764121055603028,"z":2.600069046020508},"rotation":{"x":-0.011702952906489373,"y":-0.0047968183644115929,"z":0.0007538971258327365,"w":0.9999642968177795},"size":14.19649887084961,"orthographic":false}