{"cameraMode":{"drawMode":0,"name":"Shaded","section":"Shading Mode"},"sceneLighting":true,"audioPlay":false,"sceneViewState":{"m_AlwaysRefresh":false,"showFog":true,"showSkybox":true,"showFlares":true,"showImageEffects":true,"showParticleSystems":true,"showVisualEffectGraphs":true,"m_FxEnabled":true},"in2DMode":false,"pivot":{"x":25.015268325805665,"y":-4.117755889892578,"z":5.755902290344238},"rotation":{"x":0.11402709782123566,"y":-0.01510055735707283,"z":0.0025050691328942777,"w":0.9933629035949707},"size":7.361654281616211,"orthographic":false}